version	accession	release_classification	built_classification	unresolved_reason	category
A01868.1	A01868	unresolved		too_little_sequence_compared_to_measure_divergence	declined_too_little_sequence
A03999.1	A03999	engineered/lab		no_serotype_in_organism_name_to_choose_a_reference	declined_no_serotype_in_name
A13892.1	A13892	Sabin		no_serotype_in_organism_name_to_choose_a_reference	declined_no_serotype_in_name
A16105.1	A16105	engineered/lab		no_serotype_in_organism_name_to_choose_a_reference	declined_no_serotype_in_name
A34014.1	A34014	engineered/lab		no_serotype_in_organism_name_to_choose_a_reference	declined_no_serotype_in_name
A34017.1	A34017	engineered/lab		no_serotype_in_organism_name_to_choose_a_reference	declined_no_serotype_in_name
AB060337.1	AB060337	wild	VDPV		sequence_band_disagrees_with_release
AB111500.1	AB111500	wild		too_little_sequence_compared_to_measure_divergence	declined_too_little_sequence
AB111501.1	AB111501	wild		too_little_sequence_compared_to_measure_divergence	declined_too_little_sequence
AB111509.1	AB111509	wild		too_little_sequence_compared_to_measure_divergence	declined_too_little_sequence
AB162760.1	AB162760	Sabin-like		too_little_sequence_compared_to_measure_divergence	declined_too_little_sequence
AB162761.1	AB162761	Sabin-like		too_little_sequence_compared_to_measure_divergence	declined_too_little_sequence
AB206718.1	AB206718	Sabin		follows_unresolved_virus_group	declined_membership_undecided
AB467472.1	AB467472	Sabin-like	wild		sequence_band_disagrees_with_release
AF065158.1	AF065158	Sabin-like	wild		sequence_band_disagrees_with_release
AF083938.1	AF083938	Sabin-like	VDPV		sequence_band_disagrees_with_release
AF139266.1	AF139266	Sabin-like		too_little_sequence_compared_to_measure_divergence	declined_too_little_sequence
AF236796.1	AF236796	wild	VDPV		sequence_band_disagrees_with_release
AF236797.1	AF236797	wild	VDPV		sequence_band_disagrees_with_release
AF252161.1	AF252161	Sabin-like		too_little_sequence_compared_to_measure_divergence	declined_too_little_sequence
AF252214.1	AF252214	Sabin-like		too_little_sequence_compared_to_measure_divergence	declined_too_little_sequence
AF380611.1	AF380611	unresolved		too_little_sequence_compared_to_measure_divergence	declined_too_little_sequence
AF380612.1	AF380612	unresolved		too_little_sequence_compared_to_measure_divergence	declined_too_little_sequence
AF380613.1	AF380613	unresolved		too_little_sequence_compared_to_measure_divergence	declined_too_little_sequence
AF380614.1	AF380614	unresolved		too_little_sequence_compared_to_measure_divergence	declined_too_little_sequence
AF380615.1	AF380615	unresolved		too_little_sequence_compared_to_measure_divergence	declined_too_little_sequence
AJ248524.1	AJ248524	wild		too_little_sequence_compared_to_measure_divergence	declined_too_little_sequence
AJ248525.1	AJ248525	Sabin-like		too_little_sequence_compared_to_measure_divergence	declined_too_little_sequence
AJ248526.1	AJ248526	wild		too_little_sequence_compared_to_measure_divergence	declined_too_little_sequence
AJ248527.1	AJ248527	wild		too_little_sequence_compared_to_measure_divergence	declined_too_little_sequence
AJ248528.1	AJ248528	wild		too_little_sequence_compared_to_measure_divergence	declined_too_little_sequence
AJ248529.1	AJ248529	wild		too_little_sequence_compared_to_measure_divergence	declined_too_little_sequence
AJ248530.1	AJ248530	wild		too_little_sequence_compared_to_measure_divergence	declined_too_little_sequence
AJ248531.1	AJ248531	wild		too_little_sequence_compared_to_measure_divergence	declined_too_little_sequence
AJ248532.1	AJ248532	wild		too_little_sequence_compared_to_measure_divergence	declined_too_little_sequence
AJ248533.1	AJ248533	wild		too_little_sequence_compared_to_measure_divergence	declined_too_little_sequence
AJ248534.1	AJ248534	wild		too_little_sequence_compared_to_measure_divergence	declined_too_little_sequence
AJ248535.1	AJ248535	wild		too_little_sequence_compared_to_measure_divergence	declined_too_little_sequence
AJ248536.1	AJ248536	wild		too_little_sequence_compared_to_measure_divergence	declined_too_little_sequence
AJ248537.1	AJ248537	wild		too_little_sequence_compared_to_measure_divergence	declined_too_little_sequence
AJ248538.1	AJ248538	VDPV		too_little_sequence_compared_to_measure_divergence	declined_too_little_sequence
AJ248539.1	AJ248539	wild		too_little_sequence_compared_to_measure_divergence	declined_too_little_sequence
AJ248540.1	AJ248540	wild		too_little_sequence_compared_to_measure_divergence	declined_too_little_sequence
AJ248541.1	AJ248541	wild		too_little_sequence_compared_to_measure_divergence	declined_too_little_sequence
AJ248542.1	AJ248542	wild		too_little_sequence_compared_to_measure_divergence	declined_too_little_sequence
AJ248543.1	AJ248543	wild		too_little_sequence_compared_to_measure_divergence	declined_too_little_sequence
AJ248544.1	AJ248544	VDPV		too_little_sequence_compared_to_measure_divergence	declined_too_little_sequence
AJ248545.1	AJ248545	wild		too_little_sequence_compared_to_measure_divergence	declined_too_little_sequence
AJ249049.1	AJ249049	wild		too_little_sequence_compared_to_measure_divergence	declined_too_little_sequence
AJ249050.1	AJ249050	wild		too_little_sequence_compared_to_measure_divergence	declined_too_little_sequence
AJ249051.1	AJ249051	wild		too_little_sequence_compared_to_measure_divergence	declined_too_little_sequence
AJ249052.1	AJ249052	wild		too_little_sequence_compared_to_measure_divergence	declined_too_little_sequence
AJ249053.1	AJ249053	wild		too_little_sequence_compared_to_measure_divergence	declined_too_little_sequence
AJ249054.1	AJ249054	wild		too_little_sequence_compared_to_measure_divergence	declined_too_little_sequence
AJ249055.1	AJ249055	wild		too_little_sequence_compared_to_measure_divergence	declined_too_little_sequence
AJ249056.1	AJ249056	wild		too_little_sequence_compared_to_measure_divergence	declined_too_little_sequence
AJ249057.1	AJ249057	wild		too_little_sequence_compared_to_measure_divergence	declined_too_little_sequence
AJ249058.1	AJ249058	wild		too_little_sequence_compared_to_measure_divergence	declined_too_little_sequence
AJ249059.1	AJ249059	wild		too_little_sequence_compared_to_measure_divergence	declined_too_little_sequence
AJ249060.1	AJ249060	wild		too_little_sequence_compared_to_measure_divergence	declined_too_little_sequence
AJ249061.1	AJ249061	wild		too_little_sequence_compared_to_measure_divergence	declined_too_little_sequence
AJ249062.1	AJ249062	wild		too_little_sequence_compared_to_measure_divergence	declined_too_little_sequence
AJ249063.1	AJ249063	wild		too_little_sequence_compared_to_measure_divergence	declined_too_little_sequence
AJ249064.1	AJ249064	wild		too_little_sequence_compared_to_measure_divergence	declined_too_little_sequence
AJ249065.1	AJ249065	wild		too_little_sequence_compared_to_measure_divergence	declined_too_little_sequence
AJ249066.1	AJ249066	Sabin-like		too_little_sequence_compared_to_measure_divergence	declined_too_little_sequence
AJ249067.1	AJ249067	wild		too_little_sequence_compared_to_measure_divergence	declined_too_little_sequence
AJ249068.1	AJ249068	wild		too_little_sequence_compared_to_measure_divergence	declined_too_little_sequence
AJ249069.1	AJ249069	wild		too_little_sequence_compared_to_measure_divergence	declined_too_little_sequence
AJ249070.1	AJ249070	VDPV		too_little_sequence_compared_to_measure_divergence	declined_too_little_sequence
AJ249071.1	AJ249071	wild		too_little_sequence_compared_to_measure_divergence	declined_too_little_sequence
AJ249072.1	AJ249072	wild		too_little_sequence_compared_to_measure_divergence	declined_too_little_sequence
AJ249073.1	AJ249073	wild		too_little_sequence_compared_to_measure_divergence	declined_too_little_sequence
AJ277195.1	AJ277195	unresolved		too_little_sequence_compared_to_measure_divergence	declined_too_little_sequence
AJ277196.1	AJ277196	unresolved		too_little_sequence_compared_to_measure_divergence	declined_too_little_sequence
AJ277197.1	AJ277197	unresolved		too_little_sequence_compared_to_measure_divergence	declined_too_little_sequence
AJ277198.1	AJ277198	unresolved		too_little_sequence_compared_to_measure_divergence	declined_too_little_sequence
AJ277199.1	AJ277199	unresolved		too_little_sequence_compared_to_measure_divergence	declined_too_little_sequence
AJ277200.1	AJ277200	unresolved		too_little_sequence_compared_to_measure_divergence	declined_too_little_sequence
AJ277201.1	AJ277201	unresolved		too_little_sequence_compared_to_measure_divergence	declined_too_little_sequence
AJ277202.1	AJ277202	unresolved		too_little_sequence_compared_to_measure_divergence	declined_too_little_sequence
AJ290787.1	AJ290787	unresolved		too_little_sequence_compared_to_measure_divergence	declined_too_little_sequence
AJ290788.1	AJ290788	unresolved		too_little_sequence_compared_to_measure_divergence	declined_too_little_sequence
AJ290789.1	AJ290789	unresolved		too_little_sequence_compared_to_measure_divergence	declined_too_little_sequence
AJ290790.1	AJ290790	unresolved		too_little_sequence_compared_to_measure_divergence	declined_too_little_sequence
AJ290791.1	AJ290791	unresolved		too_little_sequence_compared_to_measure_divergence	declined_too_little_sequence
AJ290792.1	AJ290792	unresolved		too_little_sequence_compared_to_measure_divergence	declined_too_little_sequence
AJ290793.1	AJ290793	unresolved		too_little_sequence_compared_to_measure_divergence	declined_too_little_sequence
AJ290794.1	AJ290794	unresolved		too_little_sequence_compared_to_measure_divergence	declined_too_little_sequence
AJ290795.1	AJ290795	unresolved		too_little_sequence_compared_to_measure_divergence	declined_too_little_sequence
AJ290796.1	AJ290796	unresolved		too_little_sequence_compared_to_measure_divergence	declined_too_little_sequence
AJ290797.1	AJ290797	unresolved		too_little_sequence_compared_to_measure_divergence	declined_too_little_sequence
AJ290798.1	AJ290798	unresolved		too_little_sequence_compared_to_measure_divergence	declined_too_little_sequence
AJ290799.1	AJ290799	unresolved		too_little_sequence_compared_to_measure_divergence	declined_too_little_sequence
AJ290800.1	AJ290800	unresolved		too_little_sequence_compared_to_measure_divergence	declined_too_little_sequence
AJ290801.1	AJ290801	unresolved		too_little_sequence_compared_to_measure_divergence	declined_too_little_sequence
AJ290802.1	AJ290802	unresolved		too_little_sequence_compared_to_measure_divergence	declined_too_little_sequence
AJ290803.1	AJ290803	unresolved		too_little_sequence_compared_to_measure_divergence	declined_too_little_sequence
AJ290804.1	AJ290804	unresolved		too_little_sequence_compared_to_measure_divergence	declined_too_little_sequence
AJ290805.1	AJ290805	unresolved		too_little_sequence_compared_to_measure_divergence	declined_too_little_sequence
AJ290806.1	AJ290806	unresolved		too_little_sequence_compared_to_measure_divergence	declined_too_little_sequence
AJ290807.1	AJ290807	unresolved		too_little_sequence_compared_to_measure_divergence	declined_too_little_sequence
AJ290808.1	AJ290808	unresolved		too_little_sequence_compared_to_measure_divergence	declined_too_little_sequence
AJ400321.1	AJ400321	unresolved		too_little_sequence_compared_to_measure_divergence	declined_too_little_sequence
AJ400322.1	AJ400322	unresolved		too_little_sequence_compared_to_measure_divergence	declined_too_little_sequence
AJ400323.1	AJ400323	unresolved		too_little_sequence_compared_to_measure_divergence	declined_too_little_sequence
AJ400324.1	AJ400324	unresolved		too_little_sequence_compared_to_measure_divergence	declined_too_little_sequence
AJ400325.1	AJ400325	unresolved		too_little_sequence_compared_to_measure_divergence	declined_too_little_sequence
AJ400326.1	AJ400326	unresolved		too_little_sequence_compared_to_measure_divergence	declined_too_little_sequence
AJ400327.1	AJ400327	unresolved		too_little_sequence_compared_to_measure_divergence	declined_too_little_sequence
AJ400328.1	AJ400328	unresolved		too_little_sequence_compared_to_measure_divergence	declined_too_little_sequence
AJ400329.1	AJ400329	unresolved		too_little_sequence_compared_to_measure_divergence	declined_too_little_sequence
AJ400330.1	AJ400330	unresolved		too_little_sequence_compared_to_measure_divergence	declined_too_little_sequence
AJ400331.1	AJ400331	unresolved		too_little_sequence_compared_to_measure_divergence	declined_too_little_sequence
AJ400332.1	AJ400332	unresolved		too_little_sequence_compared_to_measure_divergence	declined_too_little_sequence
AJ400333.1	AJ400333	unresolved		too_little_sequence_compared_to_measure_divergence	declined_too_little_sequence
AJ400334.1	AJ400334	unresolved		too_little_sequence_compared_to_measure_divergence	declined_too_little_sequence
AJ400335.1	AJ400335	unresolved		too_little_sequence_compared_to_measure_divergence	declined_too_little_sequence
AJ400336.1	AJ400336	unresolved		too_little_sequence_compared_to_measure_divergence	declined_too_little_sequence
AJ634678.1	AJ634678	Sabin-like		too_little_sequence_compared_to_measure_divergence	declined_too_little_sequence
AJ699402.1	AJ699402	VDPV	iVDPV		record_text_refines_beyond_the_release
AJ783795.1	AJ783795	VDPV	iVDPV		record_text_refines_beyond_the_release
AJ783798.1	AJ783798	VDPV	iVDPV		record_text_refines_beyond_the_release
AM774339.1	AM774339	wild		too_little_sequence_compared_to_measure_divergence	declined_too_little_sequence
AM774343.1	AM774343	wild		too_little_sequence_compared_to_measure_divergence	declined_too_little_sequence
AM774347.1	AM774347	wild		too_little_sequence_compared_to_measure_divergence	declined_too_little_sequence
AM774349.1	AM774349	unresolved		too_little_sequence_compared_to_measure_divergence	declined_too_little_sequence
AM774351.1	AM774351	wild		too_little_sequence_compared_to_measure_divergence	declined_too_little_sequence
AX348200.1	AX348200	unresolved		too_little_sequence_compared_to_measure_divergence	declined_too_little_sequence
AX348201.1	AX348201	unresolved		too_little_sequence_compared_to_measure_divergence	declined_too_little_sequence
AX664691.1	AX664691	Sabin		follows_unresolved_virus_group	declined_membership_undecided
AY056620.1	AY056620	unresolved		too_little_sequence_compared_to_measure_divergence	declined_too_little_sequence
AY056621.1	AY056621	unresolved		too_little_sequence_compared_to_measure_divergence	declined_too_little_sequence
AY056622.2	AY056622	unresolved		too_little_sequence_compared_to_measure_divergence	declined_too_little_sequence
AY056623.1	AY056623	unresolved		too_little_sequence_compared_to_measure_divergence	declined_too_little_sequence
AY056624.1	AY056624	unresolved		too_little_sequence_compared_to_measure_divergence	declined_too_little_sequence
AY056625.1	AY056625	unresolved		too_little_sequence_compared_to_measure_divergence	declined_too_little_sequence
AY056626.1	AY056626	unresolved		too_little_sequence_compared_to_measure_divergence	declined_too_little_sequence
AY056627.1	AY056627	unresolved		too_little_sequence_compared_to_measure_divergence	declined_too_little_sequence
AY056628.1	AY056628	unresolved		too_little_sequence_compared_to_measure_divergence	declined_too_little_sequence
AY056629.1	AY056629	unresolved		too_little_sequence_compared_to_measure_divergence	declined_too_little_sequence
AY056630.1	AY056630	unresolved		too_little_sequence_compared_to_measure_divergence	declined_too_little_sequence
AY056631.1	AY056631	unresolved		too_little_sequence_compared_to_measure_divergence	declined_too_little_sequence
AY056632.1	AY056632	unresolved		too_little_sequence_compared_to_measure_divergence	declined_too_little_sequence
AY056633.1	AY056633	unresolved		too_little_sequence_compared_to_measure_divergence	declined_too_little_sequence
AY056634.1	AY056634	unresolved		too_little_sequence_compared_to_measure_divergence	declined_too_little_sequence
AY056635.1	AY056635	unresolved		too_little_sequence_compared_to_measure_divergence	declined_too_little_sequence
AY056636.1	AY056636	unresolved		too_little_sequence_compared_to_measure_divergence	declined_too_little_sequence
AY056637.1	AY056637	unresolved		too_little_sequence_compared_to_measure_divergence	declined_too_little_sequence
AY056639.1	AY056639	unresolved		too_little_sequence_compared_to_measure_divergence	declined_too_little_sequence
AY056640.1	AY056640	unresolved		too_little_sequence_compared_to_measure_divergence	declined_too_little_sequence
AY056641.1	AY056641	unresolved		too_little_sequence_compared_to_measure_divergence	declined_too_little_sequence
AY056642.1	AY056642	unresolved		too_little_sequence_compared_to_measure_divergence	declined_too_little_sequence
AY056643.1	AY056643	unresolved		too_little_sequence_compared_to_measure_divergence	declined_too_little_sequence
AY056644.1	AY056644	unresolved		too_little_sequence_compared_to_measure_divergence	declined_too_little_sequence
AY056645.1	AY056645	unresolved		too_little_sequence_compared_to_measure_divergence	declined_too_little_sequence
AY056646.1	AY056646	unresolved		too_little_sequence_compared_to_measure_divergence	declined_too_little_sequence
AY056647.1	AY056647	unresolved		too_little_sequence_compared_to_measure_divergence	declined_too_little_sequence
AY056648.1	AY056648	unresolved		too_little_sequence_compared_to_measure_divergence	declined_too_little_sequence
AY056649.1	AY056649	unresolved		too_little_sequence_compared_to_measure_divergence	declined_too_little_sequence
AY056650.1	AY056650	unresolved		too_little_sequence_compared_to_measure_divergence	declined_too_little_sequence
AY056651.1	AY056651	unresolved		too_little_sequence_compared_to_measure_divergence	declined_too_little_sequence
AY056652.1	AY056652	unresolved		too_little_sequence_compared_to_measure_divergence	declined_too_little_sequence
AY056653.1	AY056653	unresolved		too_little_sequence_compared_to_measure_divergence	declined_too_little_sequence
AY056654.1	AY056654	unresolved		too_little_sequence_compared_to_measure_divergence	declined_too_little_sequence
AY056655.1	AY056655	unresolved		too_little_sequence_compared_to_measure_divergence	declined_too_little_sequence
AY056656.1	AY056656	unresolved		too_little_sequence_compared_to_measure_divergence	declined_too_little_sequence
AY056657.1	AY056657	unresolved		too_little_sequence_compared_to_measure_divergence	declined_too_little_sequence
AY056658.1	AY056658	unresolved		too_little_sequence_compared_to_measure_divergence	declined_too_little_sequence
AY056659.1	AY056659	unresolved		too_little_sequence_compared_to_measure_divergence	declined_too_little_sequence
AY056660.1	AY056660	unresolved		too_little_sequence_compared_to_measure_divergence	declined_too_little_sequence
AY056661.1	AY056661	unresolved		too_little_sequence_compared_to_measure_divergence	declined_too_little_sequence
AY056662.1	AY056662	unresolved		too_little_sequence_compared_to_measure_divergence	declined_too_little_sequence
AY056663.1	AY056663	unresolved		too_little_sequence_compared_to_measure_divergence	declined_too_little_sequence
AY056664.1	AY056664	unresolved		too_little_sequence_compared_to_measure_divergence	declined_too_little_sequence
AY056665.1	AY056665	unresolved		too_little_sequence_compared_to_measure_divergence	declined_too_little_sequence
AY056666.1	AY056666	unresolved		too_little_sequence_compared_to_measure_divergence	declined_too_little_sequence
AY056667.1	AY056667	unresolved		too_little_sequence_compared_to_measure_divergence	declined_too_little_sequence
AY056668.1	AY056668	unresolved		too_little_sequence_compared_to_measure_divergence	declined_too_little_sequence
AY056669.1	AY056669	unresolved		too_little_sequence_compared_to_measure_divergence	declined_too_little_sequence
AY056670.1	AY056670	unresolved		too_little_sequence_compared_to_measure_divergence	declined_too_little_sequence
AY056671.1	AY056671	unresolved		too_little_sequence_compared_to_measure_divergence	declined_too_little_sequence
AY056672.1	AY056672	unresolved		too_little_sequence_compared_to_measure_divergence	declined_too_little_sequence
AY056673.1	AY056673	unresolved		too_little_sequence_compared_to_measure_divergence	declined_too_little_sequence
AY056674.1	AY056674	unresolved		too_little_sequence_compared_to_measure_divergence	declined_too_little_sequence
AY056675.1	AY056675	unresolved		too_little_sequence_compared_to_measure_divergence	declined_too_little_sequence
AY056677.1	AY056677	unresolved		too_little_sequence_compared_to_measure_divergence	declined_too_little_sequence
AY056678.1	AY056678	unresolved		too_little_sequence_compared_to_measure_divergence	declined_too_little_sequence
AY056679.1	AY056679	unresolved		too_little_sequence_compared_to_measure_divergence	declined_too_little_sequence
AY056681.1	AY056681	unresolved		too_little_sequence_compared_to_measure_divergence	declined_too_little_sequence
AY056682.1	AY056682	unresolved		too_little_sequence_compared_to_measure_divergence	declined_too_little_sequence
AY056683.1	AY056683	unresolved		too_little_sequence_compared_to_measure_divergence	declined_too_little_sequence
AY056687.1	AY056687	unresolved		too_little_sequence_compared_to_measure_divergence	declined_too_little_sequence
AY056688.1	AY056688	unresolved		too_little_sequence_compared_to_measure_divergence	declined_too_little_sequence
AY056689.1	AY056689	unresolved		too_little_sequence_compared_to_measure_divergence	declined_too_little_sequence
AY056690.1	AY056690	unresolved		too_little_sequence_compared_to_measure_divergence	declined_too_little_sequence
AY056707.1	AY056707	unresolved		too_little_sequence_compared_to_measure_divergence	declined_too_little_sequence
AY056708.1	AY056708	unresolved		too_little_sequence_compared_to_measure_divergence	declined_too_little_sequence
AY056709.1	AY056709	unresolved		too_little_sequence_compared_to_measure_divergence	declined_too_little_sequence
AY056710.1	AY056710	unresolved		too_little_sequence_compared_to_measure_divergence	declined_too_little_sequence
AY056711.2	AY056711	unresolved		too_little_sequence_compared_to_measure_divergence	declined_too_little_sequence
AY056712.1	AY056712	unresolved		too_little_sequence_compared_to_measure_divergence	declined_too_little_sequence
AY056713.1	AY056713	unresolved		too_little_sequence_compared_to_measure_divergence	declined_too_little_sequence
AY056714.1	AY056714	unresolved		too_little_sequence_compared_to_measure_divergence	declined_too_little_sequence
AY056715.1	AY056715	unresolved		too_little_sequence_compared_to_measure_divergence	declined_too_little_sequence
AY056716.1	AY056716	unresolved		too_little_sequence_compared_to_measure_divergence	declined_too_little_sequence
AY056717.1	AY056717	unresolved		too_little_sequence_compared_to_measure_divergence	declined_too_little_sequence
AY056718.1	AY056718	unresolved		too_little_sequence_compared_to_measure_divergence	declined_too_little_sequence
AY056719.1	AY056719	unresolved		too_little_sequence_compared_to_measure_divergence	declined_too_little_sequence
AY056720.1	AY056720	unresolved		too_little_sequence_compared_to_measure_divergence	declined_too_little_sequence
AY056721.1	AY056721	unresolved		too_little_sequence_compared_to_measure_divergence	declined_too_little_sequence
AY056722.1	AY056722	unresolved		too_little_sequence_compared_to_measure_divergence	declined_too_little_sequence
AY056723.1	AY056723	unresolved		too_little_sequence_compared_to_measure_divergence	declined_too_little_sequence
AY056724.1	AY056724	unresolved		too_little_sequence_compared_to_measure_divergence	declined_too_little_sequence
AY056725.1	AY056725	unresolved		too_little_sequence_compared_to_measure_divergence	declined_too_little_sequence
AY056727.1	AY056727	unresolved		too_little_sequence_compared_to_measure_divergence	declined_too_little_sequence
AY056728.1	AY056728	unresolved		too_little_sequence_compared_to_measure_divergence	declined_too_little_sequence
AY056729.1	AY056729	unresolved		too_little_sequence_compared_to_measure_divergence	declined_too_little_sequence
AY056730.1	AY056730	unresolved		too_little_sequence_compared_to_measure_divergence	declined_too_little_sequence
AY056731.1	AY056731	unresolved		too_little_sequence_compared_to_measure_divergence	declined_too_little_sequence
AY056732.1	AY056732	unresolved		too_little_sequence_compared_to_measure_divergence	declined_too_little_sequence
AY056733.1	AY056733	unresolved		too_little_sequence_compared_to_measure_divergence	declined_too_little_sequence
AY056735.1	AY056735	unresolved		too_little_sequence_compared_to_measure_divergence	declined_too_little_sequence
AY056736.1	AY056736	unresolved		too_little_sequence_compared_to_measure_divergence	declined_too_little_sequence
AY056737.1	AY056737	unresolved		too_little_sequence_compared_to_measure_divergence	declined_too_little_sequence
AY056738.1	AY056738	unresolved		too_little_sequence_compared_to_measure_divergence	declined_too_little_sequence
AY056739.1	AY056739	unresolved		too_little_sequence_compared_to_measure_divergence	declined_too_little_sequence
AY056740.1	AY056740	unresolved		too_little_sequence_compared_to_measure_divergence	declined_too_little_sequence
AY056741.1	AY056741	unresolved		too_little_sequence_compared_to_measure_divergence	declined_too_little_sequence
AY056742.1	AY056742	unresolved		too_little_sequence_compared_to_measure_divergence	declined_too_little_sequence
AY056743.1	AY056743	unresolved		too_little_sequence_compared_to_measure_divergence	declined_too_little_sequence
AY056744.1	AY056744	unresolved		too_little_sequence_compared_to_measure_divergence	declined_too_little_sequence
AY056745.1	AY056745	unresolved		too_little_sequence_compared_to_measure_divergence	declined_too_little_sequence
AY056746.1	AY056746	unresolved		too_little_sequence_compared_to_measure_divergence	declined_too_little_sequence
AY056747.1	AY056747	unresolved		too_little_sequence_compared_to_measure_divergence	declined_too_little_sequence
AY056748.1	AY056748	unresolved		too_little_sequence_compared_to_measure_divergence	declined_too_little_sequence
AY056749.1	AY056749	unresolved		too_little_sequence_compared_to_measure_divergence	declined_too_little_sequence
AY056750.1	AY056750	unresolved		too_little_sequence_compared_to_measure_divergence	declined_too_little_sequence
AY056751.1	AY056751	unresolved		too_little_sequence_compared_to_measure_divergence	declined_too_little_sequence
AY056752.1	AY056752	unresolved		too_little_sequence_compared_to_measure_divergence	declined_too_little_sequence
AY056753.1	AY056753	unresolved		too_little_sequence_compared_to_measure_divergence	declined_too_little_sequence
AY056754.1	AY056754	unresolved		too_little_sequence_compared_to_measure_divergence	declined_too_little_sequence
AY056755.1	AY056755	unresolved		too_little_sequence_compared_to_measure_divergence	declined_too_little_sequence
AY056756.1	AY056756	unresolved		too_little_sequence_compared_to_measure_divergence	declined_too_little_sequence
AY056757.1	AY056757	unresolved		too_little_sequence_compared_to_measure_divergence	declined_too_little_sequence
AY056761.1	AY056761	unresolved		too_little_sequence_compared_to_measure_divergence	declined_too_little_sequence
AY056762.1	AY056762	unresolved		too_little_sequence_compared_to_measure_divergence	declined_too_little_sequence
AY056763.1	AY056763	unresolved		too_little_sequence_compared_to_measure_divergence	declined_too_little_sequence
AY056765.1	AY056765	unresolved		too_little_sequence_compared_to_measure_divergence	declined_too_little_sequence
AY056766.1	AY056766	unresolved		too_little_sequence_compared_to_measure_divergence	declined_too_little_sequence
AY056767.1	AY056767	unresolved		too_little_sequence_compared_to_measure_divergence	declined_too_little_sequence
AY056768.1	AY056768	unresolved		too_little_sequence_compared_to_measure_divergence	declined_too_little_sequence
AY056769.1	AY056769	unresolved		too_little_sequence_compared_to_measure_divergence	declined_too_little_sequence
AY056770.1	AY056770	unresolved		too_little_sequence_compared_to_measure_divergence	declined_too_little_sequence
AY056771.1	AY056771	unresolved		too_little_sequence_compared_to_measure_divergence	declined_too_little_sequence
AY056772.1	AY056772	unresolved		too_little_sequence_compared_to_measure_divergence	declined_too_little_sequence
AY056773.1	AY056773	unresolved		too_little_sequence_compared_to_measure_divergence	declined_too_little_sequence
AY056774.1	AY056774	unresolved		too_little_sequence_compared_to_measure_divergence	declined_too_little_sequence
AY056775.1	AY056775	unresolved		too_little_sequence_compared_to_measure_divergence	declined_too_little_sequence
AY056776.1	AY056776	unresolved		too_little_sequence_compared_to_measure_divergence	declined_too_little_sequence
AY056777.1	AY056777	unresolved		too_little_sequence_compared_to_measure_divergence	declined_too_little_sequence
AY082674.1	AY082674	wild		too_little_sequence_compared_to_measure_divergence	declined_too_little_sequence
AY082680.1	AY082680	wild	VDPV		sequence_band_disagrees_with_release
AY082684.1	AY082684	wild	Sabin-like		sequence_band_disagrees_with_release
AY082685.2	AY082685	wild	VDPV		sequence_band_disagrees_with_release
AY082689.1	AY082689	wild	Sabin-like		sequence_band_disagrees_with_release
AY082690.1	AY082690	wild	VDPV		sequence_band_disagrees_with_release
AY189177.1	AY189177	Sabin-like		too_little_sequence_compared_to_measure_divergence	declined_too_little_sequence
AY189178.1	AY189178	Sabin-like		too_little_sequence_compared_to_measure_divergence	declined_too_little_sequence
AY297431.1	AY297431	Sabin-like		too_little_sequence_compared_to_measure_divergence	declined_too_little_sequence
AY297432.1	AY297432	Sabin-like		too_little_sequence_compared_to_measure_divergence	declined_too_little_sequence
AY297433.1	AY297433	VDPV		too_little_sequence_compared_to_measure_divergence	declined_too_little_sequence
AY297434.1	AY297434	VDPV		too_little_sequence_compared_to_measure_divergence	declined_too_little_sequence
AY297435.1	AY297435	Sabin-like		too_little_sequence_compared_to_measure_divergence	declined_too_little_sequence
AY297436.1	AY297436	Sabin-like		too_little_sequence_compared_to_measure_divergence	declined_too_little_sequence
AY297758.1	AY297758	Sabin-like		too_little_sequence_compared_to_measure_divergence	declined_too_little_sequence
AY297759.1	AY297759	Sabin-like		too_little_sequence_compared_to_measure_divergence	declined_too_little_sequence
AY297760.1	AY297760	Sabin-like		too_little_sequence_compared_to_measure_divergence	declined_too_little_sequence
AY297761.1	AY297761	Sabin-like		too_little_sequence_compared_to_measure_divergence	declined_too_little_sequence
AY297762.1	AY297762	Sabin-like		too_little_sequence_compared_to_measure_divergence	declined_too_little_sequence
AY297763.1	AY297763	Sabin-like		too_little_sequence_compared_to_measure_divergence	declined_too_little_sequence
AY297764.1	AY297764	Sabin-like		too_little_sequence_compared_to_measure_divergence	declined_too_little_sequence
AY297766.1	AY297766	Sabin-like		too_little_sequence_compared_to_measure_divergence	declined_too_little_sequence
AY297767.1	AY297767	Sabin-like		too_little_sequence_compared_to_measure_divergence	declined_too_little_sequence
AY297768.1	AY297768	Sabin-like		too_little_sequence_compared_to_measure_divergence	declined_too_little_sequence
AY297769.1	AY297769	Sabin-like		too_little_sequence_compared_to_measure_divergence	declined_too_little_sequence
AY319477.1	AY319477	wild		too_little_sequence_compared_to_measure_divergence	declined_too_little_sequence
AY320415.1	AY320415	wild		too_little_sequence_compared_to_measure_divergence	declined_too_little_sequence
AY320416.1	AY320416	wild		too_little_sequence_compared_to_measure_divergence	declined_too_little_sequence
AY320417.1	AY320417	wild		too_little_sequence_compared_to_measure_divergence	declined_too_little_sequence
AY320418.1	AY320418	wild		too_little_sequence_compared_to_measure_divergence	declined_too_little_sequence
AY320419.1	AY320419	wild		too_little_sequence_compared_to_measure_divergence	declined_too_little_sequence
AY320421.1	AY320421	Sabin-like		too_little_sequence_compared_to_measure_divergence	declined_too_little_sequence
AY320422.1	AY320422	VDPV		too_little_sequence_compared_to_measure_divergence	declined_too_little_sequence
AY320423.1	AY320423	VDPV		too_little_sequence_compared_to_measure_divergence	declined_too_little_sequence
AY321484.1	AY321484	wild		too_little_sequence_compared_to_measure_divergence	declined_too_little_sequence
AY321485.1	AY321485	wild		too_little_sequence_compared_to_measure_divergence	declined_too_little_sequence
AY321486.1	AY321486	wild		too_little_sequence_compared_to_measure_divergence	declined_too_little_sequence
AY365233.1	AY365233	VDPV		too_little_sequence_compared_to_measure_divergence	declined_too_little_sequence
AY365234.1	AY365234	wild		too_little_sequence_compared_to_measure_divergence	declined_too_little_sequence
AY365235.1	AY365235	wild		too_little_sequence_compared_to_measure_divergence	declined_too_little_sequence
AY365237.1	AY365237	wild		too_little_sequence_compared_to_measure_divergence	declined_too_little_sequence
AY365239.1	AY365239	wild		too_little_sequence_compared_to_measure_divergence	declined_too_little_sequence
AY365240.1	AY365240	wild		too_little_sequence_compared_to_measure_divergence	declined_too_little_sequence
AY365241.1	AY365241	wild		too_little_sequence_compared_to_measure_divergence	declined_too_little_sequence
AY365242.1	AY365242	wild		too_little_sequence_compared_to_measure_divergence	declined_too_little_sequence
AY365243.1	AY365243	VDPV		too_little_sequence_compared_to_measure_divergence	declined_too_little_sequence
AY365244.1	AY365244	wild		too_little_sequence_compared_to_measure_divergence	declined_too_little_sequence
AY365245.1	AY365245	Sabin-like		too_little_sequence_compared_to_measure_divergence	declined_too_little_sequence
AY560657.1	AY560657	wild	VDPV		sequence_band_disagrees_with_release
AY563379.1	AY563379	VDPV	wild		sequence_band_disagrees_with_release
AY736177.1	AY736177	Sabin-like		too_little_sequence_compared_to_measure_divergence	declined_too_little_sequence
AY736178.1	AY736178	Sabin-like		too_little_sequence_compared_to_measure_divergence	declined_too_little_sequence
AY736179.1	AY736179	Sabin-like		too_little_sequence_compared_to_measure_divergence	declined_too_little_sequence
AY736180.1	AY736180	Sabin-like		too_little_sequence_compared_to_measure_divergence	declined_too_little_sequence
AY736181.1	AY736181	Sabin-like		too_little_sequence_compared_to_measure_divergence	declined_too_little_sequence
AY738635.1	AY738635	Sabin-like		too_little_sequence_compared_to_measure_divergence	declined_too_little_sequence
AY738636.1	AY738636	Sabin-like		too_little_sequence_compared_to_measure_divergence	declined_too_little_sequence
AY738637.1	AY738637	Sabin-like		too_little_sequence_compared_to_measure_divergence	declined_too_little_sequence
AY741398.1	AY741398	Sabin-like		too_little_sequence_compared_to_measure_divergence	declined_too_little_sequence
AY820970.1	AY820970	Sabin-like		too_little_sequence_compared_to_measure_divergence	declined_too_little_sequence
AY820971.1	AY820971	Sabin-like		too_little_sequence_compared_to_measure_divergence	declined_too_little_sequence
AY820972.1	AY820972	Sabin-like		too_little_sequence_compared_to_measure_divergence	declined_too_little_sequence
AY820973.1	AY820973	Sabin-like		too_little_sequence_compared_to_measure_divergence	declined_too_little_sequence
AY820974.1	AY820974	Sabin-like		too_little_sequence_compared_to_measure_divergence	declined_too_little_sequence
AY820975.1	AY820975	Sabin-like		too_little_sequence_compared_to_measure_divergence	declined_too_little_sequence
AY830709.1	AY830709	Sabin-like		too_little_sequence_compared_to_measure_divergence	declined_too_little_sequence
AY830710.1	AY830710	Sabin-like		too_little_sequence_compared_to_measure_divergence	declined_too_little_sequence
CS079033.1	CS079033	unresolved		no_serotype_in_organism_name_to_choose_a_reference	declined_no_serotype_in_name
DQ150696.1	DQ150696	Sabin-like		follows_unresolved_virus_group	declined_membership_undecided
DQ150697.1	DQ150697	Sabin-like		follows_unresolved_virus_group	declined_membership_undecided
DQ150698.1	DQ150698	Sabin-like		follows_unresolved_virus_group	declined_membership_undecided
DQ150699.1	DQ150699	Sabin-like		follows_unresolved_virus_group	declined_membership_undecided
DQ167414.1	DQ167414	unresolved		too_little_sequence_compared_to_measure_divergence	declined_too_little_sequence
DQ205099.1	DQ205099	Sabin-like	engineered/lab		ledger_refines_beyond_the_release
DQ792910.1	DQ792910	Sabin-like		too_little_sequence_compared_to_measure_divergence	declined_too_little_sequence
DQ792911.1	DQ792911	Sabin-like		too_little_sequence_compared_to_measure_divergence	declined_too_little_sequence
DQ792912.1	DQ792912	Sabin-like		too_little_sequence_compared_to_measure_divergence	declined_too_little_sequence
DQ792913.1	DQ792913	Sabin-like		too_little_sequence_compared_to_measure_divergence	declined_too_little_sequence
DQ792914.1	DQ792914	Sabin-like		too_little_sequence_compared_to_measure_divergence	declined_too_little_sequence
DQ792915.1	DQ792915	Sabin-like		too_little_sequence_compared_to_measure_divergence	declined_too_little_sequence
DQ792916.1	DQ792916	Sabin-like		too_little_sequence_compared_to_measure_divergence	declined_too_little_sequence
DQ792917.1	DQ792917	Sabin-like		too_little_sequence_compared_to_measure_divergence	declined_too_little_sequence
DQ792918.1	DQ792918	Sabin-like		too_little_sequence_compared_to_measure_divergence	declined_too_little_sequence
DQ792919.1	DQ792919	Sabin-like		too_little_sequence_compared_to_measure_divergence	declined_too_little_sequence
DQ792920.1	DQ792920	Sabin-like		too_little_sequence_compared_to_measure_divergence	declined_too_little_sequence
DQ792921.1	DQ792921	Sabin-like		too_little_sequence_compared_to_measure_divergence	declined_too_little_sequence
DQ792922.1	DQ792922	Sabin-like		too_little_sequence_compared_to_measure_divergence	declined_too_little_sequence
DQ792923.1	DQ792923	Sabin-like		too_little_sequence_compared_to_measure_divergence	declined_too_little_sequence
E00230.1	E00230	engineered/lab		no_serotype_in_organism_name_to_choose_a_reference	declined_no_serotype_in_name
E00766.1	E00766	Sabin	Sabin-like		shipped_class_outside_sequence_reach
E00767.1	E00767	Sabin	Sabin-like		shipped_class_outside_sequence_reach
E00768.1	E00768	Sabin	VDPV		shipped_class_outside_sequence_reach
E00769.1	E00769	Sabin	Sabin-like		shipped_class_outside_sequence_reach
EU004574.1	EU004574	cVDPV	Sabin-like		sequence_band_disagrees_with_release
EU598466.1	EU598466	unresolved		too_little_sequence_compared_to_measure_divergence	declined_too_little_sequence
EU598472.1	EU598472	unresolved		too_little_sequence_compared_to_measure_divergence	declined_too_little_sequence
EU598476.1	EU598476	unresolved		too_little_sequence_compared_to_measure_divergence	declined_too_little_sequence
EU598477.1	EU598477	unresolved		too_little_sequence_compared_to_measure_divergence	declined_too_little_sequence
FJ437005.1	FJ437005	Sabin-like	VDPV		sequence_band_disagrees_with_release
FJ492823.1	FJ492823	unresolved		too_little_sequence_compared_to_measure_divergence	declined_too_little_sequence
FJ492824.1	FJ492824	unresolved		too_little_sequence_compared_to_measure_divergence	declined_too_little_sequence
FJ492825.1	FJ492825	unresolved		too_little_sequence_compared_to_measure_divergence	declined_too_little_sequence
FJ492826.1	FJ492826	unresolved		too_little_sequence_compared_to_measure_divergence	declined_too_little_sequence
FJ492827.1	FJ492827	unresolved		too_little_sequence_compared_to_measure_divergence	declined_too_little_sequence
FJ517648.1	FJ517648	VDPV	iVDPV		ledger_refines_beyond_the_release
FR715534.1	FR715534	Sabin-like		no_serotype_in_organism_name_to_choose_a_reference	declined_no_serotype_in_name
FR715535.1	FR715535	Sabin-like		no_serotype_in_organism_name_to_choose_a_reference	declined_no_serotype_in_name
FR715536.1	FR715536	Sabin-like		no_serotype_in_organism_name_to_choose_a_reference	declined_no_serotype_in_name
FR715537.1	FR715537	Sabin-like		no_serotype_in_organism_name_to_choose_a_reference	declined_no_serotype_in_name
FR715541.1	FR715541	Sabin-like		no_serotype_in_organism_name_to_choose_a_reference	declined_no_serotype_in_name
FR715542.1	FR715542	Sabin-like		no_serotype_in_organism_name_to_choose_a_reference	declined_no_serotype_in_name
FR715543.1	FR715543	Sabin-like		no_serotype_in_organism_name_to_choose_a_reference	declined_no_serotype_in_name
FR715548.1	FR715548	Sabin-like		no_serotype_in_organism_name_to_choose_a_reference	declined_no_serotype_in_name
FR715549.1	FR715549	Sabin-like		no_serotype_in_organism_name_to_choose_a_reference	declined_no_serotype_in_name
FR715550.1	FR715550	Sabin-like		no_serotype_in_organism_name_to_choose_a_reference	declined_no_serotype_in_name
FR715551.1	FR715551	Sabin-like		no_serotype_in_organism_name_to_choose_a_reference	declined_no_serotype_in_name
FR715555.1	FR715555	Sabin-like		no_serotype_in_organism_name_to_choose_a_reference	declined_no_serotype_in_name
FR715556.1	FR715556	Sabin-like		no_serotype_in_organism_name_to_choose_a_reference	declined_no_serotype_in_name
FR715557.1	FR715557	Sabin-like		no_serotype_in_organism_name_to_choose_a_reference	declined_no_serotype_in_name
GM709485.1	GM709485	unresolved		too_little_sequence_compared_to_measure_divergence	declined_too_little_sequence
GN353724.1	GN353724	unresolved		too_little_sequence_compared_to_measure_divergence	declined_too_little_sequence
GN353725.1	GN353725	unresolved		too_little_sequence_compared_to_measure_divergence	declined_too_little_sequence
GN353726.1	GN353726	unresolved		too_little_sequence_compared_to_measure_divergence	declined_too_little_sequence
GN353727.1	GN353727	unresolved		too_little_sequence_compared_to_measure_divergence	declined_too_little_sequence
GN353728.1	GN353728	unresolved		too_little_sequence_compared_to_measure_divergence	declined_too_little_sequence
GN353729.1	GN353729	unresolved		too_little_sequence_compared_to_measure_divergence	declined_too_little_sequence
GN353730.1	GN353730	unresolved		too_little_sequence_compared_to_measure_divergence	declined_too_little_sequence
GN353731.1	GN353731	unresolved		too_little_sequence_compared_to_measure_divergence	declined_too_little_sequence
GN353732.1	GN353732	unresolved		too_little_sequence_compared_to_measure_divergence	declined_too_little_sequence
GN353733.1	GN353733	unresolved		too_little_sequence_compared_to_measure_divergence	declined_too_little_sequence
GN353734.1	GN353734	unresolved		too_little_sequence_compared_to_measure_divergence	declined_too_little_sequence
GN353735.1	GN353735	unresolved		too_little_sequence_compared_to_measure_divergence	declined_too_little_sequence
GN353736.1	GN353736	unresolved		too_little_sequence_compared_to_measure_divergence	declined_too_little_sequence
GN353737.1	GN353737	unresolved		too_little_sequence_compared_to_measure_divergence	declined_too_little_sequence
GN353738.1	GN353738	unresolved		too_little_sequence_compared_to_measure_divergence	declined_too_little_sequence
GN353739.1	GN353739	unresolved		too_little_sequence_compared_to_measure_divergence	declined_too_little_sequence
GN353740.1	GN353740	unresolved		too_little_sequence_compared_to_measure_divergence	declined_too_little_sequence
GN353741.1	GN353741	unresolved		too_little_sequence_compared_to_measure_divergence	declined_too_little_sequence
GN353742.1	GN353742	unresolved		too_little_sequence_compared_to_measure_divergence	declined_too_little_sequence
GN353743.1	GN353743	unresolved		too_little_sequence_compared_to_measure_divergence	declined_too_little_sequence
GQ331952.1	GQ331952	unresolved		too_little_sequence_compared_to_measure_divergence	declined_too_little_sequence
GU236309.1	GU236309	unresolved		too_little_sequence_compared_to_measure_divergence	declined_too_little_sequence
GU236310.1	GU236310	unresolved		too_little_sequence_compared_to_measure_divergence	declined_too_little_sequence
GU236311.1	GU236311	unresolved		too_little_sequence_compared_to_measure_divergence	declined_too_little_sequence
GU236313.1	GU236313	unresolved		too_little_sequence_compared_to_measure_divergence	declined_too_little_sequence
GU906272.1	GU906272	wild		too_little_sequence_compared_to_measure_divergence	declined_too_little_sequence
HC025129.1	HC025129	wild	Sabin-like		sequence_band_disagrees_with_release
HM537010.1	HM537010	Sabin-like	VDPV		sequence_band_disagrees_with_release
JA792237.1	JA792237	Sabin		follows_unresolved_virus_group	declined_membership_undecided
JA792238.1	JA792238	Sabin		follows_unresolved_virus_group	declined_membership_undecided
JA792249.1	JA792249	Sabin		follows_unresolved_virus_group	declined_membership_undecided
JA792250.1	JA792250	Sabin		follows_unresolved_virus_group	declined_membership_undecided
JA792251.1	JA792251	Sabin		follows_unresolved_virus_group	declined_membership_undecided
JC013130.1	JC013130	Sabin-like		too_little_sequence_compared_to_measure_divergence	declined_too_little_sequence
JC013131.1	JC013131	wild		too_little_sequence_compared_to_measure_divergence	declined_too_little_sequence
JC013132.1	JC013132	Sabin-like		too_little_sequence_compared_to_measure_divergence	declined_too_little_sequence
JF343824.1	JF343824	unresolved		too_little_sequence_compared_to_measure_divergence	declined_too_little_sequence
JF343825.1	JF343825	unresolved		too_little_sequence_compared_to_measure_divergence	declined_too_little_sequence
JF343826.1	JF343826	unresolved		too_little_sequence_compared_to_measure_divergence	declined_too_little_sequence
JF343827.1	JF343827	unresolved		too_little_sequence_compared_to_measure_divergence	declined_too_little_sequence
JF343828.1	JF343828	unresolved		too_little_sequence_compared_to_measure_divergence	declined_too_little_sequence
JN092124.1	JN092124	VDPV		too_little_sequence_compared_to_measure_divergence	declined_too_little_sequence
JQ691359.1	JQ691359	Sabin-like	VDPV		sequence_band_disagrees_with_release
JX179283.1	JX179283	unresolved		too_little_sequence_compared_to_measure_divergence	declined_too_little_sequence
JX179290.1	JX179290	unresolved		too_little_sequence_compared_to_measure_divergence	declined_too_little_sequence
JX179291.1	JX179291	unresolved		too_little_sequence_compared_to_measure_divergence	declined_too_little_sequence
JX179292.1	JX179292	unresolved		too_little_sequence_compared_to_measure_divergence	declined_too_little_sequence
JX179293.1	JX179293	unresolved		too_little_sequence_compared_to_measure_divergence	declined_too_little_sequence
JX179294.1	JX179294	unresolved		too_little_sequence_compared_to_measure_divergence	declined_too_little_sequence
JX514273.1	JX514273	unresolved		too_little_sequence_compared_to_measure_divergence	declined_too_little_sequence
JX514274.1	JX514274	unresolved		too_little_sequence_compared_to_measure_divergence	declined_too_little_sequence
JX518393.1	JX518393	unresolved		too_little_sequence_compared_to_measure_divergence	declined_too_little_sequence
JX518453.1	JX518453	unresolved		too_little_sequence_compared_to_measure_divergence	declined_too_little_sequence
JX535441.1	JX535441	unresolved		too_little_sequence_compared_to_measure_divergence	declined_too_little_sequence
JX535478.1	JX535478	unresolved		too_little_sequence_compared_to_measure_divergence	declined_too_little_sequence
KF193868.1	KF193868	Sabin-like		too_little_sequence_compared_to_measure_divergence	declined_too_little_sequence
KF193869.1	KF193869	unresolved		too_little_sequence_compared_to_measure_divergence	declined_too_little_sequence
KF193870.1	KF193870	unresolved		too_little_sequence_compared_to_measure_divergence	declined_too_little_sequence
KP143056.1	KP143056	cVDPV	Sabin-like		sequence_band_disagrees_with_release
KR259356.1	KR259356	VDPV	iVDPV		ledger_refines_beyond_the_release
KR259357.1	KR259357	VDPV	iVDPV		ledger_refines_beyond_the_release
KR817054.1	KR817054	iVDPV	wild		sequence_band_disagrees_with_release
KR817055.1	KR817055	iVDPV	wild		sequence_band_disagrees_with_release
KR817056.1	KR817056	iVDPV	wild		sequence_band_disagrees_with_release
KR817060.1	KR817060	iVDPV	wild		sequence_band_disagrees_with_release
KR997896.1	KR997896	Sabin-like		follows_unresolved_virus_group	declined_membership_undecided
KR997897.1	KR997897	Sabin-like		follows_unresolved_virus_group	declined_membership_undecided
KU598889.1	KU598889	Sabin-like	VDPV		sequence_band_disagrees_with_release
KU738882.1	KU738882	unresolved		too_little_sequence_compared_to_measure_divergence	declined_too_little_sequence
KU738883.1	KU738883	unresolved		too_little_sequence_compared_to_measure_divergence	declined_too_little_sequence
KU738884.1	KU738884	unresolved		too_little_sequence_compared_to_measure_divergence	declined_too_little_sequence
KU738885.1	KU738885	unresolved		too_little_sequence_compared_to_measure_divergence	declined_too_little_sequence
KU738886.1	KU738886	unresolved		too_little_sequence_compared_to_measure_divergence	declined_too_little_sequence
KU738887.1	KU738887	unresolved		too_little_sequence_compared_to_measure_divergence	declined_too_little_sequence
KU738888.1	KU738888	unresolved		too_little_sequence_compared_to_measure_divergence	declined_too_little_sequence
KU738889.1	KU738889	unresolved		too_little_sequence_compared_to_measure_divergence	declined_too_little_sequence
KX011399.1	KX011399	unresolved		too_little_sequence_compared_to_measure_divergence	declined_too_little_sequence
KX011400.1	KX011400	unresolved		too_little_sequence_compared_to_measure_divergence	declined_too_little_sequence
KX162685.1	KX162685	Sabin-like	cVDPV		sequence_band_disagrees_with_release
KY026068.1	KY026068	wild	VDPV		sequence_band_disagrees_with_release
L23844.1	L23844	wild	VDPV		sequence_band_disagrees_with_release
L23845.1	L23845	wild	VDPV		sequence_band_disagrees_with_release
L23846.1	L23846	wild	VDPV		sequence_band_disagrees_with_release
L23847.1	L23847	wild	VDPV		sequence_band_disagrees_with_release
L23848.1	L23848	wild	VDPV		sequence_band_disagrees_with_release
L76393.1	L76393	unresolved		too_little_sequence_compared_to_measure_divergence	declined_too_little_sequence
L76394.1	L76394	unresolved		too_little_sequence_compared_to_measure_divergence	declined_too_little_sequence
L76402.1	L76402	unresolved		too_little_sequence_compared_to_measure_divergence	declined_too_little_sequence
L76403.1	L76403	unresolved		too_little_sequence_compared_to_measure_divergence	declined_too_little_sequence
L76404.1	L76404	unresolved		too_little_sequence_compared_to_measure_divergence	declined_too_little_sequence
L76405.1	L76405	unresolved		too_little_sequence_compared_to_measure_divergence	declined_too_little_sequence
L76406.1	L76406	unresolved		too_little_sequence_compared_to_measure_divergence	declined_too_little_sequence
L76407.1	L76407	unresolved		too_little_sequence_compared_to_measure_divergence	declined_too_little_sequence
L76408.1	L76408	unresolved		too_little_sequence_compared_to_measure_divergence	declined_too_little_sequence
L76409.1	L76409	unresolved		too_little_sequence_compared_to_measure_divergence	declined_too_little_sequence
L76410.1	L76410	unresolved		too_little_sequence_compared_to_measure_divergence	declined_too_little_sequence
L76411.1	L76411	unresolved		too_little_sequence_compared_to_measure_divergence	declined_too_little_sequence
L76412.1	L76412	unresolved		too_little_sequence_compared_to_measure_divergence	declined_too_little_sequence
L76413.1	L76413	unresolved		too_little_sequence_compared_to_measure_divergence	declined_too_little_sequence
M30211.1	M30211	defective-interfering particle		no_serotype_in_organism_name_to_choose_a_reference	declined_no_serotype_in_name
M30212.1	M30212	defective-interfering particle		no_serotype_in_organism_name_to_choose_a_reference	declined_no_serotype_in_name
M30214.1	M30214	defective-interfering particle		no_serotype_in_organism_name_to_choose_a_reference	declined_no_serotype_in_name
M30215.1	M30215	defective-interfering particle		no_serotype_in_organism_name_to_choose_a_reference	declined_no_serotype_in_name
M30216.1	M30216	defective-interfering particle		no_serotype_in_organism_name_to_choose_a_reference	declined_no_serotype_in_name
M30217.1	M30217	defective-interfering particle		no_serotype_in_organism_name_to_choose_a_reference	declined_no_serotype_in_name
M30218.1	M30218	defective-interfering particle		no_serotype_in_organism_name_to_choose_a_reference	declined_no_serotype_in_name
M30220.1	M30220	defective-interfering particle		no_serotype_in_organism_name_to_choose_a_reference	declined_no_serotype_in_name
M30221.1	M30221	defective-interfering particle		no_serotype_in_organism_name_to_choose_a_reference	declined_no_serotype_in_name
M30222.1	M30222	defective-interfering particle		no_serotype_in_organism_name_to_choose_a_reference	declined_no_serotype_in_name
MG212473.1	MG212473	Sabin-like	VDPV		sequence_band_disagrees_with_release
MK719554.1	MK719554	VDPV		no_serotype_in_organism_name_to_choose_a_reference	declined_no_serotype_in_name
MK719555.1	MK719555	VDPV		too_little_sequence_compared_to_measure_divergence	declined_too_little_sequence
MT880868.1	MT880868	unresolved		too_little_sequence_compared_to_measure_divergence	declined_too_little_sequence
MT880869.1	MT880869	unresolved		too_little_sequence_compared_to_measure_divergence	declined_too_little_sequence
MT957183.1	MT957183	Sabin-like	VDPV		sequence_band_disagrees_with_release
MT957186.1	MT957186	Sabin-like	VDPV		sequence_band_disagrees_with_release
OL692378.1	OL692378	unresolved		no_serotype_in_organism_name_to_choose_a_reference	declined_no_serotype_in_name
OQ714907.1	OQ714907	Sabin-like	VDPV		sequence_band_disagrees_with_release
OR129533.1	OR129533	unresolved		too_little_sequence_compared_to_measure_divergence	declined_too_little_sequence
OR208593.1	OR208593	chimera	wild		shipped_class_outside_sequence_reach
OR208596.1	OR208596	Sabin-like		too_little_sequence_compared_to_measure_divergence	declined_too_little_sequence
OR208600.1	OR208600	chimera	wild		shipped_class_outside_sequence_reach
OR208603.1	OR208603	Sabin-like	VDPV		sequence_band_disagrees_with_release
OR208605.1	OR208605	chimera	wild		shipped_class_outside_sequence_reach
OR208612.1	OR208612	chimera	VDPV		shipped_class_outside_sequence_reach
OR345213.1	OR345213	Sabin-like	VDPV		sequence_band_disagrees_with_release
OR345215.1	OR345215	Sabin-like	VDPV		sequence_band_disagrees_with_release
OR537381.1	OR537381	Sabin-like	VDPV		sequence_band_disagrees_with_release
OR537410.1	OR537410	Sabin-like	VDPV		sequence_band_disagrees_with_release
OR537445.1	OR537445	Sabin-like	VDPV		sequence_band_disagrees_with_release
OR537456.1	OR537456	Sabin-like	VDPV		sequence_band_disagrees_with_release
OR538731.1	OR538731	chimera		too_little_sequence_compared_to_measure_divergence	declined_too_little_sequence
OR538732.1	OR538732	chimera		too_little_sequence_compared_to_measure_divergence	declined_too_little_sequence
OR538733.1	OR538733	chimera		too_little_sequence_compared_to_measure_divergence	declined_too_little_sequence
OR538734.1	OR538734	unresolved		too_little_sequence_compared_to_measure_divergence	declined_too_little_sequence
OR538736.1	OR538736	chimera		too_little_sequence_compared_to_measure_divergence	declined_too_little_sequence
OR538738.1	OR538738	VDPV		too_little_sequence_compared_to_measure_divergence	declined_too_little_sequence
OR538739.1	OR538739	unresolved		too_little_sequence_compared_to_measure_divergence	declined_too_little_sequence
OR538740.1	OR538740	unresolved		too_little_sequence_compared_to_measure_divergence	declined_too_little_sequence
PX725678.1	PX725678	cVDPV	cVDPV-n		record_text_refines_beyond_the_release
PX725679.1	PX725679	cVDPV	cVDPV-n		record_text_refines_beyond_the_release
PX725680.1	PX725680	cVDPV	cVDPV-n		record_text_refines_beyond_the_release
PX725681.1	PX725681	cVDPV	cVDPV-n		record_text_refines_beyond_the_release
PX725682.1	PX725682	cVDPV	cVDPV-n		record_text_refines_beyond_the_release
S65446.1	S65446	unresolved		too_little_sequence_compared_to_measure_divergence	declined_too_little_sequence
S65447.1	S65447	unresolved		too_little_sequence_compared_to_measure_divergence	declined_too_little_sequence
S65449.1	S65449	unresolved		too_little_sequence_compared_to_measure_divergence	declined_too_little_sequence
S65450.1	S65450	unresolved		too_little_sequence_compared_to_measure_divergence	declined_too_little_sequence
S72981.1	S72981	Sabin		follows_unresolved_virus_group	declined_membership_undecided
S72984.1	S72984	Sabin		follows_unresolved_virus_group	declined_membership_undecided
V01148.1	V01148	wild	VDPV		sequence_band_disagrees_with_release
V01149.1	V01149	wild	Sabin-like		sequence_band_disagrees_with_release
V01540.1	V01540	wild	Sabin-like		sequence_band_disagrees_with_release
X70506.1	X70506	wild	Sabin-like		sequence_band_disagrees_with_release
X70507.1	X70507	wild		too_little_sequence_compared_to_measure_divergence	declined_too_little_sequence
